Title,Authors,Year,Abstract,DOI/URL,Filename,Source
Real time Smart Contracts for IoT using Blockchain and Collaborative Intelligence based Dynamic Pricing for the next generation Smart Toll Application,"Misha Abraham, Himajit Aithal, Krishnan Mohan",2020,"The confluence of Internet of Things(IoT) , Blockchain(BC) and Artificial Intelligence(AI) acts as a key accelerator for enabling Machine Economy. To be ready for future businesses these technologies needs to be adapted by extending the IoT capabilities to Economy of Things (EoT) capabilities. In this paper we focus on one such implementation experience for Smart Toll Transaction application in the domain of mobility. Our paper showcases a possible solution by leveraging negotiations, decision making, distributed learning capabilities at the devices level using AI-enabled Multi-Agent Systems and the real-time smart contracts between the Cars and Tolls using Blockchain. This solution also showcases the monetization of real time data coming from various IoT devices which are part of vehicles and infrastructure. While blockchain secures the privacy of the participants it also acts as an economic transactional layer and governance layer between the devices in the networ",https://arxiv.org/pdf/2002.12654v1,Real time Smart Contracts for IoT using Blockchain.pdf,ArXiv (Programmatic)
Sustainable and Precision Agriculture with the Internet of Everything (IoE),"Adil Z. Babar, Ozgur B. Akan",2024,"Agriculture faces critical challenges from population growth, resource scarcity, and climate change, driving a shift toward advanced, technology-integrated farming. Mechanization has transformed agriculture, enhancing sustainability and crop productivity. Now, technologies like artificial intelligence (AI), robotics, biotechnology, blockchain, and the Internet of Things (IoT) are advancing precision agriculture. The concept of the Internet of Everything (IoE) has gained traction due to its holistic approach to integrating various IoT specializations, called IoXs with X referring to a specific domain. This paper explores the transformative role of IoE in agriculture, expanding beyond traditional IoT applications to integrate niche subdomains like molecular communication (MC), the Internet of Nano Things (IoNT), the Internet of Bio-Nano Things (IoBNT), designer phages, and the Internet of Fungus (IoF). Our study provides a detailed review of how these IoE subdomains, in conjunction with 6G, blockchain, and machine learning (ML), can enhance precision farming in areas like crop monitoring, resource management, and disease control. Unlike prior IoT centric reviews, this work uniquely focuses on IoEs potential to advance agriculture at molecular and biological scales, achieving more precise resource utilization and resilience. Key contributions include an exploration of these technologies applicability, associated challenges, and recommendations for future research directions within precision agriculture.",https://arxiv.org/pdf/2404.06341v3,Sustainable and Precision Agriculture with the Int.pdf,ArXiv (Programmatic)
Scalable and Secure Architecture for Distributed IoT Systems,"Najmeddine Dhieb, Hakim Ghazzai, Hichem Besbes, Yehia Massoud",2020,"Internet-of-things (IoT) is perpetually revolutionizing our daily life and rapidly transforming physical objects into an ubiquitous connected ecosystem. Due to their massive deployment and moderate security levels, those devices face a lot of security, management, and control challenges. Their classical centralized architecture is still cloaking vulnerabilities and anomalies that can be exploited by hackers for spying, eavesdropping, and taking control of the network. In this paper, we propose to improve the IoT architecture with additional security features using Artificial Intelligence (AI) and blockchain technology. We propose a novel architecture based on permissioned blockchain technology in order to build a scalable and decentralized end-to-end secure IoT system. Furthermore, we enhance the IoT system security with an AI-component at the gateway level to detect and classify suspected activities, malware, and cyber-attacks using machine learning techniques. Simulations and practical implementation show that the proposed architecture delivers high performance against cyber-attacks.",https://arxiv.org/pdf/2005.02456v1,Scalable and Secure Architecture for Distributed I.pdf,ArXiv (Programmatic)
IDMoB: IoT Data Marketplace on Blockchain,"Kazım Rıfat Özyılmaz, Mehmet Doğan, Arda Yurdakul",2018,"Today, Internet of Things (IoT) devices are the powerhouse of data generation with their ever-increasing numbers and widespread penetration. Similarly, artificial intelligence (AI) and machine learning (ML) solutions are getting integrated to all kinds of services, making products significantly more ""smarter"". The centerpiece of these technologies is ""data"". IoT device vendors should be able keep up with the increased throughput and come up with new business models. On the other hand, AI/ML solutions will produce better results if training data is diverse and plentiful.   In this paper, we propose a blockchain-based, decentralized and trustless data marketplace where IoT device vendors and AI/ML solution providers may interact and collaborate. By facilitating a transparent data exchange platform, access to consented data will be democratized and the variety of services targeting end-users will increase. Proposed data marketplace is implemented as a smart contract on Ethereum blockchain and Swarm is used as the distributed storage platform.",https://arxiv.org/pdf/1810.00349v1,IDMoB IoT Data Marketplace on Blockchain.pdf,ArXiv (Programmatic)
Reliable Fleet Analytics for Edge IoT Solutions,"Emmanuel Raj, Magnus Westerlund, Leonardo Espinosa-Leal",2021,"In recent years we have witnessed a boom in Internet of Things (IoT) device deployments, which has resulted in big data and demand for low-latency communication. This shift in the demand for infrastructure is also enabling real-time decision making using artificial intelligence for IoT applications. Artificial Intelligence of Things (AIoT) is the combination of Artificial Intelligence (AI) technologies and the IoT infrastructure to provide robust and efficient operations and decision making. Edge computing is emerging to enable AIoT applications. Edge computing enables generating insights and making decisions at or near the data source, reducing the amount of data sent to the cloud or a central repository. In this paper, we propose a framework for facilitating machine learning at the edge for AIoT applications, to enable continuous delivery, deployment, and monitoring of machine learning models at the edge (Edge MLOps). The contribution is an architecture that includes services, tools, and methods for delivering fleet analytics at scale. We present a preliminary validation of the framework by performing experiments with IoT devices on a university campus's rooms. For the machine learning experiments, we forecast multivariate time series for predicting air quality in the respective rooms by using the models deployed in respective edge devices. By these experiments, we validate the proposed fleet analytics framework for efficiency and robustness.",https://arxiv.org/pdf/2101.04414v1,Reliable Fleet Analytics for Edge IoT Solutions.pdf,ArXiv (Programmatic)
Threats and Corrective Measures for IoT Security with Observance of Cybercrime: A Survey,"Sita Rani, Aman Kataria, Vishal Sharma, Smarajit Ghosh, Vinod Karar, Kyungroul Lee, Chang Choi",2020,"Internet of Things (IoT) is the utmost assuring framework to facilitate human life with quality and comfort. IoT has contributed significantly to numerous application areas. The stormy expansion of smart devices and their credence for data transfer using wireless mechanics boosts their susceptibility to cyber-attacks. Consequently, the rate of cybercrime is increasing day by day. Hence, the study of IoT security threats and possible corrective measures can benefit the researchers to identify appropriate solutions to deal with various challenges in cybercrime investigation. IoT forensics plays a vital role in cybercrime investigations. This review paper presents an overview of the IoT framework consisting of IoT architecture, protocols, and technologies. Various security issues at each layer and corrective measures are also discussed in detail. This paper also presents the role of IoT forensics in cybercrime investigation in various domains like smart homes, smart cities, automated vehicles, healthcare, etc. Along with the role of advanced technologies like Artificial Intelligence, Machine Learning, Cloud computing, Edge computing, Fog computing, and Blockchain technology in cybercrime investigation are also discussed. At last, various open research challenges in IoT to assist cybercrime investigation are explained, which provide a new direction for further research.",https://arxiv.org/pdf/2010.08793v4,Threats and Corrective Measures for IoT Security w.pdf,ArXiv (Programmatic)
Quality 4.0: Let's Get Digital - The many ways the fourth industrial revolution is reshaping the way we think about quality,Nicole M. Radziwill,2018,"The technology landscape is richer and more promising than ever before. In many ways, cloud computing, big data, virtual reality (VR), augmented reality (AR), blockchain, additive manufacturing, artificial intelligence (AI), machine learning (ML), Internet Protocol Version 6 (IPv6), cyber-physical systems and the Internet of Things (IoT) all represent new frontiers. These technologies can help improve product and service quality, and organizational performance. In many regions, the internet is now as ubiquitous as electricity. Components are relatively cheap. A robust ecosystem of open-source software libraries means that engineers can solve problems 100 times faster than just two decades ago. This digital transformation is leading us toward connected intelligent automation: smart, hyperconnected agents deployed in environments where humans and machines cooperate, and leverage data, to achieve shared goals. This is not the worlds first industrial revolution. In fact, it is its fourth, and the disruptive changes it will bring suggest we will need a fresh perspective on quality to adapt to it.",https://arxiv.org/pdf/1810.07829v1,Quality 40 Lets Get Digital - The many ways the fo.pdf,ArXiv (Programmatic)
An Overview of Data-Importance Aware Radio Resource Management for Edge Machine Learning,"Dingzhu Wen, Xiaoyang Li, Qunsong Zeng, Jinke Ren, Kaibin Huang",2019,"The 5G network connecting billions of Internet-of-Things (IoT) devices will make it possible to harvest an enormous amount of real-time mobile data. Furthermore, the 5G virtualization architecture will enable cloud computing at the (network) edge. The availability of both rich data and computation power at the edge has motivated Internet companies to deploy artificial intelligence (AI) there, creating the hot area of edge-AI. Edge learning, the theme of this project, concerns training edge-AI models, which endow on IoT devices intelligence for responding to real-time events. However, the transmission of high-dimensional data from many edge devices to servers can result in excessive communication latency, creating a bottleneck for edge learning. Traditional wireless techniques deigned for only radio access are ineffective in tackling the challenge. Attempts to overcome the communication bottleneck has led to the development of a new class of techniques for intelligent radio resource management (RRM), called data-importance aware RRM. Their designs feature the interplay of active machine learning and wireless communication. Specifically, the metrics that measure data importance in active learning (e.g., classification uncertainty and data diversity) are applied to RRM for efficient acquisition of distributed data in wireless networks to train AI models at servers. This article aims at providing an introduction to the emerging area of importance-aware RRM. To this end, we will introduce the design principles, survey recent advancements in the area, discuss some design examples, and suggest some promising research opportunities.",https://arxiv.org/pdf/1911.03878v2,An Overview of Data-Importance Aware Radio Resourc.pdf,ArXiv (Programmatic)
SmartOil: Blockchain and smart contract-based oil supply chain management,"AKM Bahalul Haque, Md. Rifat Hasan, Md. Oahiduzzaman Mondol Zihad",2021,"The traditional oil supply chain suffers from various shortcomings regarding crude oil extraction, processing, distribution, environmental pollution, and traceability. It offers an only a forward flow of products with almost no security and tracking process. In time, the system will lag behind due to the limitations in quality inspection, fraudulent information, and monopolistic behavior of supply chain entities. Inclusion of counterfeiting products and opaqueness of the system urge renovation in this sector. The recent evolution of Industry 4.0 leads to the alternation in the supply chain introducing the smart supply chain. Technological advancement can now reshape the infrastructure of the supply chain for the future. In this paper, we suggest a conceptual framework utilizing Blockchain and Smart Contract to monitor the overall oil supply chain. Blockchain is a groundbreaking technology to monitor and support the security building of a decentralized type supply chain over a peer-to-peer network. The use of the Internet of Things (IoT), especially sensors, opens broader window to track the global supply chain in real-time. We construct a methodology to support reverse traceability for each participant of the supply chain. The functions and characteristics of Blockchain and Smart Contract are defined. Implementation of Smart Contracts has also been shown with detailed analysis. We further describe the challenges of implementing such a system and validate our framework's adaptability in the real world. The paper concludes with future research scope to mitigate the restrictions of data management and maintenance with advanced working prototypes and agile systems achieving greater traceability and transparency.",https://arxiv.org/pdf/2105.05338v1,SmartOil Blockchain and smart contract-based oil s.pdf,ArXiv (Programmatic)
Malicious Code Detection in Smart Contracts via Opcode Vectorization,"Huanhuan Zou, Zongwei Li, Xiaoqi Li",2025,"With the booming development of blockchain technology, smart contracts have been widely used in finance, supply chain, Internet of things and other fields in recent years. However, the security problems of smart contracts become increasingly prominent. Security events caused by smart contracts occur frequently, and the existence of malicious codes may lead to the loss of user assets and system crash. In this paper, a simple study is carried out on malicious code detection of intelligent contracts based on machine learning. The main research work and achievements are as follows: Feature extraction and vectorization of smart contract are the first step to detect malicious code of smart contract by using machine learning method, and feature processing has an important impact on detection results. In this paper, an opcode vectorization method based on smart contract text is adopted. Based on considering the structural characteristics of contract opcodes, the opcodes are classified and simplified. Then, N-Gram (N=2) algorithm and TF-IDF algorithm are used to convert the simplified opcodes into vectors, and then put into the machine learning model for training. In contrast, N-Gram algorithm and TF-IDF algorithm are directly used to quantify opcodes and put into the machine learning model training. Judging which feature extraction method is better according to the training results. Finally, the classifier chain is applied to the intelligent contract malicious code detection.",https://arxiv.org/pdf/2504.12720v1,Malicious Code Detection in Smart Contracts via Op.pdf,ArXiv (Programmatic)
"Swarm Learning: A Survey of Concepts, Applications, and Trends","Elham Shammar, Xiaohui Cui, Mohammed A. A. Al-qaness",2024,"Deep learning models have raised privacy and security concerns due to their reliance on large datasets on central servers. As the number of Internet of Things (IoT) devices increases, artificial intelligence (AI) will be crucial for resource management, data processing, and knowledge acquisition. To address those issues, federated learning (FL) has introduced a novel approach to building a versatile, large-scale machine learning framework that operates in a decentralized and hardware-agnostic manner. However, FL faces network bandwidth limitations and data breaches. To reduce the central dependency in FL and increase scalability, swarm learning (SL) has been proposed in collaboration with Hewlett Packard Enterprise (HPE). SL represents a decentralized machine learning framework that leverages blockchain technology for secure, scalable, and private data management. A blockchain-based network enables the exchange and aggregation of model parameters among participants, thus mitigating the risk of a single point of failure and eliminating communication bottlenecks. To the best of our knowledge, this survey is the first to introduce the principles of Swarm Learning, its architectural design, and its fields of application. In addition, it highlights numerous research avenues that require further exploration by academic and industry communities to unlock the full potential and applications of SL.",https://arxiv.org/pdf/2405.00556v2,Swarm Learning A Survey of Concepts Applications a.pdf,ArXiv (Programmatic)
Cold Supply Chain Planning including Smart Contracts: An Intelligent Blockchain-based approach,"Soroush Goodarzi, Vahid Kayvanfar, Alireza Haji, Alireza Shirzad",2022,"Vaccinating the global population against Covid-19 is one of the biggest supply chain management challenges humanity has ever faced. Rapid supply of Covid-19 vaccines is essential for successful global immunization, but its effectiveness depends on a transparent supply chain that can be monitored. In this research, we have proposed an approach based on blockchain technology, which is used to ensure seamless distribution of the Covid-19 vaccine with transparency, data integrity, and full traceability of the supply chain to reduce risk, ensure safety, and immutability. A vaccine supply chain needs to update the status of the vaccine at every stage, and any problem in the supply and distribution path can lead to irreparable damage. Currently, the research conducted on the use of blockchain in supply chains is still in the early stages. In this paper, the use of blockchain technology to monitor the vaccine supply and distribution system will be investigated. A model close to reality of today's vaccine supply chains in developing countries is considered and then a new intelligent system for vaccine monitoring in the vaccine supply chain is designed based on the considered model. Also, smart contracts based on a blockchain network is designed to check consumer vaccination records as well as vaccine circulation from beginning to end. The implementation and design of the vaccine supply chain is done using smart contracts on the Ethereum blockchain network. Additionally, the system has been tested on both local networks, the HardHat suite and Rinkbey's test network. The system has also been developed to work seamlessly when it is using an integrated IoT chip that can automatically update a batch's location, temperature, and other physical conditions periodically.",https://arxiv.org/pdf/2209.10410v1,Cold Supply Chain Planning including Smart Contrac.pdf,ArXiv (Programmatic)
Cyber Risk at the Edge: Current and future trends on Cyber Risk Analytics and Artificial Intelligence in the Industrial Internet of Things and Industry 4.0 Supply Chains,"Petar Radanliev, David De Roure, Kevin Page, Jason Nurse, Rafael Mantilla Montalvo, Omar Santos, La Treall Maddox, Peter Burnap",2019,"Digital technologies have changed the way supply chain operations are structured. In this article, we conduct systematic syntheses of literature on the impact of new technologies on supply chains and the related cyber risks. A taxonomic/cladistic approach is used for the evaluations of progress in the area of supply chain integration in the Industrial Internet of Things and Industry 4.0, with a specific focus on the mitigation of cyber risks. An analytical framework is presented, based on a critical assessment with respect to issues related to new types of cyber risk and the integration of supply chains with new technologies. This paper identifies a dynamic and self-adapting supply chain system supported with Artificial Intelligence and Machine Learning (AI/ML) and real-time intelligence for predictive cyber risk analytics. The system is integrated into a cognition engine that enables predictive cyber risk analytics with real-time intelligence from IoT networks at the edge. This enhances capacities and assist in the creation of a comprehensive understanding of the opportunities and threats that arise when edge computing nodes are deployed, and when AI/ML technologies are migrated to the periphery of IoT networks.",https://arxiv.org/pdf/1911.05726v2,Cyber Risk at the Edge Current and future trends o.pdf,ArXiv (Programmatic)
Federated Machine Learning for Intelligent IoT via Reconfigurable Intelligent Surface,"Kai Yang, Yuanming Shi, Yong Zhou, Zhanpeng Yang, Liqun Fu, Wei Chen",2020,"Intelligent Internet-of-Things (IoT) will be transformative with the advancement of artificial intelligence and high-dimensional data analysis, shifting from ""connected things"" to ""connected intelligence"". This shall unleash the full potential of intelligent IoT in a plethora of exciting applications, such as self-driving cars, unmanned aerial vehicles, healthcare, robotics, and supply chain finance. These applications drive the need of developing revolutionary computation, communication and artificial intelligence technologies that can make low-latency decisions with massive real-time data. To this end, federated machine learning, as a disruptive technology, is emerged to distill intelligence from the data at network edge, while guaranteeing device privacy and data security. However, the limited communication bandwidth is a key bottleneck of model aggregation for federated machine learning over radio channels. In this article, we shall develop an over-the-air computation based communication-efficient federated machine learning framework for intelligent IoT networks via exploiting the waveform superposition property of a multi-access channel. Reconfigurable intelligent surface is further leveraged to reduce the model aggregation error via enhancing the signal strength by reconfiguring the wireless propagation environments.",https://arxiv.org/pdf/2004.05843v1,Federated Machine Learning for Intelligent IoT via.pdf,ArXiv (Programmatic)
Towards an Intelligent Edge: Wireless Communication Meets Machine Learning,"Guangxu Zhu, Dongzhu Liu, Yuqing Du, Changsheng You, Jun Zhang, Kaibin Huang",2018,"The recent revival of artificial intelligence (AI) is revolutionizing almost every branch of science and technology. Given the ubiquitous smart mobile gadgets and Internet of Things (IoT) devices, it is expected that a majority of intelligent applications will be deployed at the edge of wireless networks. This trend has generated strong interests in realizing an ""intelligent edge"" to support AI-enabled applications at various edge devices. Accordingly, a new research area, called edge learning, emerges, which crosses and revolutionizes two disciplines: wireless communication and machine learning. A major theme in edge learning is to overcome the limited computing power, as well as limited data, at each edge device. This is accomplished by leveraging the mobile edge computing (MEC) platform and exploiting the massive data distributed over a large number of edge devices. In such systems, learning from distributed data and communicating between the edge server and devices are two critical and coupled aspects, and their fusion poses many new research challenges. This article advocates a new set of design principles for wireless communication in edge learning, collectively called learning-driven communication. Illustrative examples are provided to demonstrate the effectiveness of these design principles, and unique research opportunities are identified.",https://arxiv.org/pdf/1809.00343v1,Towards an Intelligent Edge Wireless Communication.pdf,ArXiv (Programmatic)
A Secure Dynamic Edge Resource Federation Architecture for Cross-Domain IoT Systems,"Ronghua Xu, Yu Chen, Xiaohua Li, Erik Blasch",2022,"The fast integration of 5G communication, Artificial Intelligence (AI), and Internet-of-Things (IoT) technologies is envisioned to enable Next Generation Networks (NGNs) for diverse smart services and user-defined applications for Smart Cities. However, it is still challenging to build a scalable and efficient infrastructure that satisfies the various performance, security, and management demands by heterogeneous IoT applications across multiple administrative domains. This paper presents a dynamic edge resource federation architecture, which integrates the concept of network slicing (NS) and blockchain to improve scalability, dynamicity, and security for multi-domain IoT applications. A NS-enabled dynamic edge resource federation framework adopts intelligent mechanisms to support efficient multi-domain service coordination that satisfies diverse Quality of Service (QoS) and security requirements. We propose a Hierarchical Integrated Federated Ledger (HIFL), which aims to guarantee decentralized security and privacy-preserving properties in multi-domain resource orchestration and service re-adjustment. As a secure-by-design solution, HIFL is promising to support efficient, trust and secured end-to-end IoT services. A preliminary proof-of-concept prototype has been implemented for comparing intra- and inter-domain performance expectations.",https://arxiv.org/pdf/2208.01466v1,A Secure Dynamic Edge Resource Federation Architec.pdf,ArXiv (Programmatic)
How Can Applications of Blockchain and Artificial Intelligence Improve Performance of Internet of Things? -- A Survey,"Priyanka Bothra, Raja Karmakar, Sanjukta Bhattacharya, Sayantani De",2021,"In the era of the Internet of Things (IoT), massive computing devices surrounding us operate and interact with each other to provide several significant services in industries, medical as well as in daily life activities at home, office, education sectors, and so on. The participating devices in an IoT network usually have resource constraints and the devices are prone to different cyber attacks, leading to the loopholes in the security and authentication. As a revolutionized and innovated technology, blockchain, that is applied in cryptocurrency, market prediction, etc., uses a distributed ledger that records transactions securely and efficiently. To utilize the great potential of blockchain, both industries and academia have paid a significant attention to integrate it with the IoT, as reported by several existing literature. On the other hand, Artificial Intelligence (AI) is able to embed intelligence in a system, and thus the AI can be integrated with IoT devices in order to automatically cope with different environments according to the demands. Furthermore, both blockchain and AI can be integrated with the IoT to design an automated secure and robust IoT model, as mentioned by numerous existing works. In this survey, we present a discussion on the IoT, blockchain, and AI, along with the descriptions of several research works that apply blockchain and AI in the IoT. In this direction, we point out strengths and limitations of the related existing researches. We also discuss different open challenges to exploit the full capacities of blockchain and AI in designing an IoT-based model. Therefore, the highlighted challenging issues can open the door for the development of future IoT models which will be intelligent and secure based on the integration of blockchain and AI with the IoT.",https://arxiv.org/pdf/2111.14018v1,How Can Applications of Blockchain and Artificial .pdf,ArXiv (Programmatic)
Optimization Design for Federated Learning in Heterogeneous 6G Networks,"Bing Luo, Xiaomin Ouyang, Peng Sun, Pengchao Han, Ningning Ding, Jianwei Huang",2023,"With the rapid advancement of 5G networks, billions of smart Internet of Things (IoT) devices along with an enormous amount of data are generated at the network edge. While still at an early age, it is expected that the evolving 6G network will adopt advanced artificial intelligence (AI) technologies to collect, transmit, and learn this valuable data for innovative applications and intelligent services. However, traditional machine learning (ML) approaches require centralizing the training data in the data center or cloud, raising serious user-privacy concerns. Federated learning, as an emerging distributed AI paradigm with privacy-preserving nature, is anticipated to be a key enabler for achieving ubiquitous AI in 6G networks. However, there are several system and statistical heterogeneity challenges for effective and efficient FL implementation in 6G networks. In this article, we investigate the optimization approaches that can effectively address the challenging heterogeneity issues from three aspects: incentive mechanism design, network resource management, and personalized model optimization. We also present some open problems and promising directions for future research.",https://arxiv.org/pdf/2303.08322v1,Optimization Design for Federated Learning in Hete.pdf,ArXiv (Programmatic)
Data Analytics-enabled Intrusion Detection: Evaluations of ToN_IoT Linux Datasets,"Nour Moustafa, Mohiuddin Ahmed, Sherif Ahmed",2020,"With the widespread of Artificial Intelligence (AI)- enabled security applications, there is a need for collecting heterogeneous and scalable data sources for effectively evaluating the performances of security applications. This paper presents the description of new datasets, named ToN IoT datasets that include distributed data sources collected from Telemetry datasets of Internet of Things (IoT) services, Operating systems datasets of Windows and Linux, and datasets of Network traffic. The paper aims to describe the new testbed architecture used to collect Linux datasets from audit traces of hard disk, memory and process. The architecture was designed in three distributed layers of edge, fog, and cloud. The edge layer comprises IoT and network systems, the fog layer includes virtual machines and gateways, and the cloud layer includes data analytics and visualization tools connected with the other two layers. The layers were programmatically controlled using Software-Defined Network (SDN) and Network-Function Virtualization (NFV) using the VMware NSX and vCloud NFV platform. The Linux ToN IoT datasets would be used to train and validate various new federated and distributed AI-enabled security solutions such as intrusion detection, threat intelligence, privacy preservation and digital forensics. Various Data analytical and machine learning methods are employed to determine the fidelity of the datasets in terms of examining feature engineering, statistics of legitimate and security events, and reliability of security events. The datasets can be publicly accessed from [1].",https://arxiv.org/pdf/2010.08521v1,Data Analytics-enabled Intrusion Detection Evaluat.pdf,ArXiv (Programmatic)
"Imagine All the People: Citizen Science, Artificial Intelligence, and Computational Research","Lea A. Shanley, Lucy Fortson, Tanya Berger-Wolf, Kevin Crowston, Pietro Michelucci",2021,"Machine learning, artificial intelligence, and deep learning have advanced significantly over the past decade. Nonetheless, humans possess unique abilities such as creativity, intuition, context and abstraction, analytic problem solving, and detecting unusual events. To successfully tackle pressing scientific and societal challenges, we need the complementary capabilities of both humans and machines. The Federal Government could accelerate its priorities on multiple fronts through judicious integration of citizen science and crowdsourcing with artificial intelligence (AI), Internet of Things (IoT), and cloud strategies.",https://arxiv.org/pdf/2104.00093v2,Imagine All the People Citizen Science Artificial .pdf,ArXiv (Programmatic)
